"STATION","NAME","DATE","EMSD","EMSN","EMXP","PRCP","SNOW","TAVG","TMAX","TMIN"
"US1NYWC0003","WHITE PLAINS 3.1 NNW, NY US","2015-09",,,"2.33","4.41",,,,
"US1NJBG0023","OAKLAND 0.9 SSE, NJ US","2015-07",,,"1.23","3.41",,,,
"US1NJBG0023","OAKLAND 0.9 SSE, NJ US","2015-09",,,"2.16","4.96",,,,
"US1NJBG0023","OAKLAND 0.9 SSE, NJ US","2015-10",,,"2.61","4.48",,,,
"US1NJBG0023","OAKLAND 0.9 SSE, NJ US","2015-11",,,"1.32","2.12",,,,
"US1NJBG0023","OAKLAND 0.9 SSE, NJ US","2015-12",,,"1.11","4.78",,,,
"US1NJBG0023","OAKLAND 0.9 SSE, NJ US","2016-01",,,"1.49","3.77",,,,
"US1NJBG0023","OAKLAND 0.9 SSE, NJ US","2016-02",,,"2.39","4.57",,,,
"US1NJBG0023","OAKLAND 0.9 SSE, NJ US","2016-03",,,"0.35","1.33",,,,
"US1NJBG0023","OAKLAND 0.9 SSE, NJ US","2016-04",,,"0.42","2.00",,,,
"US1NJBG0023","OAKLAND 0.9 SSE, NJ US","2016-05",,,"0.62","3.62",,,,
"USC00280907","BOONTON 1 SE, NJ US","2015-07","0","0.0","0.56","2.25","0.0","75.1","86.1","64.1"
"USC00280907","BOONTON 1 SE, NJ US","2015-08","0","0.0","0.59","2.11","0.0","73.8","85.8","61.8"
"USC00280907","BOONTON 1 SE, NJ US","2015-09","0","0.0","2.60","5.52","0.0","69.2","81.4","57.0"
"USC00280907","BOONTON 1 SE, NJ US","2015-10","0","0.0","2.38","4.07","0.0","52.5","63.9","41.1"
"USC00280907","BOONTON 1 SE, NJ US","2015-11","0","0.0","1.57","2.40","0.0","47.6","57.6","37.6"
"USC00280907","BOONTON 1 SE, NJ US","2015-12","0","0.0","0.58","1.71","0.0","44.9","52.8","37.1"
"USC00280907","BOONTON 1 SE, NJ US","2016-01","9","1.0","1.21","2.59","1.0","29.6","38.0","21.2"
"USC00280907","BOONTON 1 SE, NJ US","2016-02","2","1.5","1.86","3.72","2.5","33.6","42.9","24.3"
"USC00280907","BOONTON 1 SE, NJ US","2016-03","0","0.1","0.30","1.21","0.1","44.8","55.7","33.9"
"USC00280907","BOONTON 1 SE, NJ US","2016-04","0","0.0","0.33","1.85","0.0","49.5","61.7","37.4"
"USC00280907","BOONTON 1 SE, NJ US","2016-05","0","0.0","0.90","4.57","0.0","59.5","69.5","49.4"
"US1NJES0015","MONTCLAIR 2.2 NNE, NJ US","2015-08",,,"0.20","0.32",,,,
"US1NJES0015","MONTCLAIR 2.2 NNE, NJ US","2015-09",,,"0.90","1.18",,,,
"US1NJMD0043","WOODBRIDGE TWP 1.1 ESE, NJ US","2015-07",,,"1.16","3.02",,,,
"US1NJMD0043","WOODBRIDGE TWP 1.1 ESE, NJ US","2015-08",,"0.0","0.56","1.44","0.0",,,
"US1NJMD0043","WOODBRIDGE TWP 1.1 ESE, NJ US","2015-09",,,"1.36","2.33",,,,
"US1NJMD0043","WOODBRIDGE TWP 1.1 ESE, NJ US","2015-10",,,"2.20","4.85",,,,
"US1NJMD0043","WOODBRIDGE TWP 1.1 ESE, NJ US","2015-11",,,"0.72","1.59",,,,
"US1NJMD0043","WOODBRIDGE TWP 1.1 ESE, NJ US","2015-12",,,"1.05","4.34",,,,
"US1NJMD0043","WOODBRIDGE TWP 1.1 ESE, NJ US","2016-01",,"12.0","1.44","4.58","24.5",,,
"US1NJMD0043","WOODBRIDGE TWP 1.1 ESE, NJ US","2016-02",,,"1.15","4.38",,,,
"US1NJMD0043","WOODBRIDGE TWP 1.1 ESE, NJ US","2016-03",,,"0.64","1.58",,,,
"US1NJMD0043","WOODBRIDGE TWP 1.1 ESE, NJ US","2016-04",,,"0.32","1.30",,,,
"US1NJMD0043","WOODBRIDGE TWP 1.1 ESE, NJ US","2016-05",,,"1.60","4.36",,,,
"US1NJPS0005","HAWTHORNE 0.4 S, NJ US","2015-07",,,"0.77","2.14",,,,
"US1NJPS0005","HAWTHORNE 0.4 S, NJ US","2015-08",,,"0.57","1.20",,,,
"US1NJPS0005","HAWTHORNE 0.4 S, NJ US","2015-09",,,"1.03","2.24",,,,
"US1NJPS0005","HAWTHORNE 0.4 S, NJ US","2015-10",,,"2.91","5.26",,,,
"US1NJPS0005","HAWTHORNE 0.4 S, NJ US","2015-11",,,"1.22","2.09",,,,
"US1NJPS0005","HAWTHORNE 0.4 S, NJ US","2015-12",,,"1.53","5.27",,,,
"US1NJPS0005","HAWTHORNE 0.4 S, NJ US","2016-01",,"13.8","1.28","3.79","17.4",,,
"US1NJPS0005","HAWTHORNE 0.4 S, NJ US","2016-02","5","2.2","2.38","6.01","4.4",,,
"US1NJPS0005","HAWTHORNE 0.4 S, NJ US","2016-03","0","0.4","0.50","1.70","1.3",,,
"US1NJPS0005","HAWTHORNE 0.4 S, NJ US","2016-04",,"0.0","0.42","2.57","0.0",,,
"US1NJPS0005","HAWTHORNE 0.4 S, NJ US","2016-05",,,"0.59","3.53",,,,
"US1NJBG0029","OAKLAND 0.2 WNW, NJ US","2015-07","0","0.0","1.39","3.59","0.0",,,
"US1NJBG0029","OAKLAND 0.2 WNW, NJ US","2015-08","0","0.0","0.54","1.50","0.0",,,
"US1NJBG0029","OAKLAND 0.2 WNW, NJ US","2015-10","0","0.0","2.42","4.09","0.0",,,
"US1NJBG0029","OAKLAND 0.2 WNW, NJ US","2015-11","0","0.0","1.43","2.17","0.0",,,
"US1NJBG0029","OAKLAND 0.2 WNW, NJ US","2015-12","0","0.0","1.24","4.71","0.0",,,
"US1NJBG0029","OAKLAND 0.2 WNW, NJ US","2016-01","19","16.2","1.28","3.73","19.6",,,
"US1NJBG0029","OAKLAND 0.2 WNW, NJ US","2016-03","1","0.6","0.35","0.90","0.9",,,
"US1NJBG0029","OAKLAND 0.2 WNW, NJ US","2016-04","0","0.2","0.40","1.95","0.2",,,
"US1NJBG0029","OAKLAND 0.2 WNW, NJ US","2016-05","0","0.0","0.52","3.60","0.0",,,
"US1NJMN0048","LONG BRANCH 0.5 W, NJ US","2015-07",,,"0.65","2.24",,,,
"US1NJMN0048","LONG BRANCH 0.5 W, NJ US","2015-08",,,"1.51","2.34",,,,
"US1NJMN0048","LONG BRANCH 0.5 W, NJ US","2015-09",,,"1.41","2.43",,,,
"US1NJMN0048","LONG BRANCH 0.5 W, NJ US","2015-10",,,"2.55","4.63",,,,
"US1NJMN0048","LONG BRANCH 0.5 W, NJ US","2015-11",,,"1.35","2.23",,,,
"US1NJMN0048","LONG BRANCH 0.5 W, NJ US","2015-12",,,"1.05","4.86",,,,
"US1NJMN0048","LONG BRANCH 0.5 W, NJ US","2016-01",,,"1.25","4.16",,,,
"US1NJMN0048","LONG BRANCH 0.5 W, NJ US","2016-02",,"3.8","1.14","4.29","7.0",,,
"US1NJMN0048","LONG BRANCH 0.5 W, NJ US","2016-03",,"1.8","1.01","2.25","4.5",,,
"US1NJMN0048","LONG BRANCH 0.5 W, NJ US","2016-04","0","0.0","0.56","2.36","0.0",,,
"US1NJMN0048","LONG BRANCH 0.5 W, NJ US","2016-05","0","0.0","1.00","4.46","0.0",,,
"US1NJMN0006","RED BANK 1.3 NW, NJ US","2015-07",,,"1.02","1.89",,,,
"US1NJMN0006","RED BANK 1.3 NW, NJ US","2015-08",,,"0.68","1.59",,,,
"US1NJMN0006","RED BANK 1.3 NW, NJ US","2015-09",,,"0.90","2.26",,,,
"US1NJMN0006","RED BANK 1.3 NW, NJ US","2015-10",,,"2.27","4.90",,,,
"US1NJMN0006","RED BANK 1.3 NW, NJ US","2015-11",,,"0.92","1.89",,,,
"US1NJMN0006","RED BANK 1.3 NW, NJ US","2015-12",,,"1.03","4.51",,,,
"US1NJMN0006","RED BANK 1.3 NW, NJ US","2016-01",,,"1.52","4.49",,,,
"US1NJMN0006","RED BANK 1.3 NW, NJ US","2016-02",,"1.9","0.98","4.68","6.1",,,
"US1NJMN0006","RED BANK 1.3 NW, NJ US","2016-03",,,"0.91","2.30",,,,
"US1NJMN0006","RED BANK 1.3 NW, NJ US","2016-04",,,"0.60","2.27",,,,
"US1NJMN0006","RED BANK 1.3 NW, NJ US","2016-05",,,"0.69","3.05",,,,
"US1NJMD0045","WOODBRIDGE TWP 1.1 NNE, NJ US","2015-07",,,"0.58","1.89",,,,
"US1NJMD0045","WOODBRIDGE TWP 1.1 NNE, NJ US","2015-08",,,"0.74","1.32",,,,
"US1NJMD0045","WOODBRIDGE TWP 1.1 NNE, NJ US","2015-09",,,"1.47","2.55",,,,
"US1NJMD0045","WOODBRIDGE TWP 1.1 NNE, NJ US","2015-10",,,"1.80","4.29",,,,
"US1NJMD0045","WOODBRIDGE TWP 1.1 NNE, NJ US","2015-11",,,"0.78","1.51",,,,
"US1NJMD0045","WOODBRIDGE TWP 1.1 NNE, NJ US","2015-12",,,"1.23","4.73",,,,
"US1NJMD0045","WOODBRIDGE TWP 1.1 NNE, NJ US","2016-01",,,"1.32","3.96",,,,
"US1NJMD0045","WOODBRIDGE TWP 1.1 NNE, NJ US","2016-02",,,"1.19","4.35",,,,
"US1NJMD0045","WOODBRIDGE TWP 1.1 NNE, NJ US","2016-03",,,"0.66","1.81",,,,
"US1NJMD0045","WOODBRIDGE TWP 1.1 NNE, NJ US","2016-04",,,"0.37","1.34",,,,
"US1NJMD0045","WOODBRIDGE TWP 1.1 NNE, NJ US","2016-05",,,"1.42","4.25",,,,
"USW00014732","LA GUARDIA AIRPORT, NY US","2015-07","0","0.0","1.62","3.54","0.0","79.2","85.9","72.5"
"USW00014732","LA GUARDIA AIRPORT, NY US","2015-08","0","0.0","1.18","1.88","0.0","79.3","86.4","72.3"
"USW00014732","LA GUARDIA AIRPORT, NY US","2015-09","0","0.0","1.04","2.51","0.0","74.1","81.3","66.8"
"USW00014732","LA GUARDIA AIRPORT, NY US","2015-10","0","0.0","1.25","3.39","0.0","58.4","65.4","51.5"
"USW00014732","LA GUARDIA AIRPORT, NY US","2015-11","0","0.0","1.16","1.70","0.0","53.3","59.6","47.0"
"USW00014732","LA GUARDIA AIRPORT, NY US","2015-12","0","0.0","1.45","4.34","0.0","50.8","56.3","45.3"
"USW00014732","LA GUARDIA AIRPORT, NY US","2016-01","27","27.9","2.40","4.18","28.8","35.7","41.9","29.5"
"USW00014732","LA GUARDIA AIRPORT, NY US","2016-02","1","2.4","1.55","4.36","5.6","38.4","45.6","31.3"
"USW00014732","LA GUARDIA AIRPORT, NY US","2016-03","1","1.2","0.51","1.26","1.8","49.0","57.2","40.8"
"USW00014732","LA GUARDIA AIRPORT, NY US","2016-04","0","0.0","0.50","1.67","0.0","53.2","61.2","45.2"
"USW00014732","LA GUARDIA AIRPORT, NY US","2016-05","0","0.0","1.53","3.93","0.0","63.6","71.2","55.9"
"US1NJUN0017","CRANFORD TWP 1.1 NNW, NJ US","2015-07",,,"0.45","1.53",,,,
"US1NJUN0017","CRANFORD TWP 1.1 NNW, NJ US","2015-08",,,"0.86","1.64",,,,
"US1NJUN0017","CRANFORD TWP 1.1 NNW, NJ US","2015-09",,,"1.58","2.60",,,,
"US1NJUN0017","CRANFORD TWP 1.1 NNW, NJ US","2015-10",,,"1.50","3.72",,,,
"US1NJUN0017","CRANFORD TWP 1.1 NNW, NJ US","2015-11",,,"1.02","1.51",,,,
"US1NJUN0017","CRANFORD TWP 1.1 NNW, NJ US","2015-12",,,"1.08","3.02",,,,
"US1NJUN0017","CRANFORD TWP 1.1 NNW, NJ US","2016-01",,,"1.58","3.63",,,,
"US1NJUN0017","CRANFORD TWP 1.1 NNW, NJ US","2016-02",,,"1.46","3.91",,,,
"US1NJUN0017","CRANFORD TWP 1.1 NNW, NJ US","2016-03",,,"0.42","1.30",,,,
"US1NJUN0017","CRANFORD TWP 1.1 NNW, NJ US","2016-04",,,"0.35","1.30",,,,
"US1NJUN0017","CRANFORD TWP 1.1 NNW, NJ US","2016-05",,,"0.48","3.11",,,,
"US1NJMD0050","WOODBRIDGE TWP 3.0 NNW, NJ US","2015-09",,,"1.50","3.47",,,,
"US1NJMD0050","WOODBRIDGE TWP 3.0 NNW, NJ US","2015-10",,,"2.10","4.16",,,,
"US1NJMD0050","WOODBRIDGE TWP 3.0 NNW, NJ US","2015-12",,,"1.09","4.44",,,,
"US1NJMD0050","WOODBRIDGE TWP 3.0 NNW, NJ US","2016-02",,,"1.26","4.20",,,,
"USW00014734","NEWARK LIBERTY INTERNATIONAL AIRPORT, NJ US","2015-07","0","0.0","0.99","2.69","0.0","78.9","87.5","70.4"
"USW00014734","NEWARK LIBERTY INTERNATIONAL AIRPORT, NJ US","2015-08","0","0.0","0.96","1.40","0.0","78.7","88.2","69.2"
"USW00014734","NEWARK LIBERTY INTERNATIONAL AIRPORT, NJ US","2015-09","0","0.0","1.16","2.33","0.0","73.4","82.8","63.9"
"USW00014734","NEWARK LIBERTY INTERNATIONAL AIRPORT, NJ US","2015-10","0","0.0","1.42","3.35","0.0","57.2","66.4","47.9"
"USW00014734","NEWARK LIBERTY INTERNATIONAL AIRPORT, NJ US","2015-11","0","0.0","0.83","1.31","0.0","52.1","60.4","43.7"
"USW00014734","NEWARK LIBERTY INTERNATIONAL AIRPORT, NJ US","2015-12","0","0.2","1.44","4.40","0.3","49.8","56.6","42.9"
"USW00014734","NEWARK LIBERTY INTERNATIONAL AIRPORT, NJ US","2016-01","20","24.0","1.81","4.02","25.7","33.4","41.3","25.5"
"USW00014734","NEWARK LIBERTY INTERNATIONAL AIRPORT, NJ US","2016-02","4","2.8","1.02","4.04","5.2","37.2","45.7","28.6"
"USW00014734","NEWARK LIBERTY INTERNATIONAL AIRPORT, NJ US","2016-03","1","1.4","0.52","1.38","1.6","49.1","58.8","39.4"
"USW00014734","NEWARK LIBERTY INTERNATIONAL AIRPORT, NJ US","2016-04","0","0.0","0.44","1.13","0.0","53.1","63.3","43.0"
"USW00014734","NEWARK LIBERTY INTERNATIONAL AIRPORT, NJ US","2016-05","0","0.0","1.57","3.85","0.0","62.6","71.5","53.7"
"US1NJUN0014","WESTFIELD 0.6 NE, NJ US","2015-07",,,"0.50","1.81",,,,
"US1NJUN0014","WESTFIELD 0.6 NE, NJ US","2015-10",,,"1.70","3.85",,,,
"US1NJUN0014","WESTFIELD 0.6 NE, NJ US","2015-11",,,"1.30","1.82",,,,
"US1NJUN0014","WESTFIELD 0.6 NE, NJ US","2015-12",,,"1.54","5.15",,,,
"US1NJUN0014","WESTFIELD 0.6 NE, NJ US","2016-02",,,"1.79","4.83",,,,
"US1NJUN0014","WESTFIELD 0.6 NE, NJ US","2016-03",,,"0.46","1.64",,,,
"US1NJUN0014","WESTFIELD 0.6 NE, NJ US","2016-04",,,"0.49","1.90",,,,
"US1NJUN0014","WESTFIELD 0.6 NE, NJ US","2016-05",,,"0.88","3.59",,,,
"US1NYNS0007","FLORAL PARK 0.4 W, NY US","2015-07",,,"1.12","2.55",,,,
"US1NYNS0007","FLORAL PARK 0.4 W, NY US","2015-08",,,"1.35","3.08",,,,
"US1NYNS0007","FLORAL PARK 0.4 W, NY US","2015-09",,,"2.12","3.81",,,,
"US1NYNS0007","FLORAL PARK 0.4 W, NY US","2015-10",,,"2.26","4.93",,,,
"US1NYNS0007","FLORAL PARK 0.4 W, NY US","2015-11",,,"0.87","1.65",,,,
"US1NYNS0007","FLORAL PARK 0.4 W, NY US","2016-01",,"18.0","1.90","3.98","23.6",,,
"US1NYNS0007","FLORAL PARK 0.4 W, NY US","2016-02",,,"1.07","5.01",,,,
"US1NYNS0007","FLORAL PARK 0.4 W, NY US","2016-03",,,"0.43","1.61",,,,
"US1NYNS0007","FLORAL PARK 0.4 W, NY US","2016-04",,,"0.47","2.17",,,,
"US1NYNS0007","FLORAL PARK 0.4 W, NY US","2016-05",,,"1.16","4.00",,,,
"US1NJUN0010","NEW PROVIDENCE 0.8 ESE, NJ US","2015-07",,,"0.62","2.06",,,,
"US1NJUN0010","NEW PROVIDENCE 0.8 ESE, NJ US","2015-08",,,"4.02","5.65",,,,
"US1NJUN0010","NEW PROVIDENCE 0.8 ESE, NJ US","2015-09",,"0.0","2.33","4.62","0.0",,,
"US1NJUN0010","NEW PROVIDENCE 0.8 ESE, NJ US","2015-10",,,"2.46","4.87",,,,
"US1NJUN0010","NEW PROVIDENCE 0.8 ESE, NJ US","2015-11",,,"1.90","2.55",,,,
"US1NJUN0010","NEW PROVIDENCE 0.8 ESE, NJ US","2015-12",,,"1.23","4.60",,,,
"US1NJUN0010","NEW PROVIDENCE 0.8 ESE, NJ US","2016-01",,,"2.76","5.09",,,,
"US1NJUN0010","NEW PROVIDENCE 0.8 ESE, NJ US","2016-02",,,"2.15","4.91",,,,
"US1NJUN0010","NEW PROVIDENCE 0.8 ESE, NJ US","2016-03",,,"0.30","1.58",,,,
"US1NJUN0010","NEW PROVIDENCE 0.8 ESE, NJ US","2016-04",,,"0.43","1.90",,,,
"US1NJUN0010","NEW PROVIDENCE 0.8 ESE, NJ US","2016-05",,,"0.61","3.89",,,,
"US1NJES0020","BLOOMFIELD 1.7 S, NJ US","2016-01",,"12.4","2.08","5.94","19.9",,,
"US1NJES0020","BLOOMFIELD 1.7 S, NJ US","2016-03",,,"0.43","1.36",,,,
"US1NJMD0039","EAST BRUNSWICK TWP 3.3 NNE, NJ US","2015-07",,,"0.57","2.12",,,,
"US1NJMD0039","EAST BRUNSWICK TWP 3.3 NNE, NJ US","2015-08",,"0.0","0.58","1.20","0.0",,,
"US1NJMD0039","EAST BRUNSWICK TWP 3.3 NNE, NJ US","2015-09",,,"1.87","3.09",,,,
"US1NJMD0039","EAST BRUNSWICK TWP 3.3 NNE, NJ US","2015-10",,,"2.01","4.32",,,,
"US1NJMD0039","EAST BRUNSWICK TWP 3.3 NNE, NJ US","2015-11",,,"0.78","1.57",,,,
"US1NJMD0038","EDISON TWP 1.9 N, NJ US","2015-07",,,"0.65","1.96",,,,
"US1NJMD0038","EDISON TWP 1.9 N, NJ US","2015-08",,,"0.41","1.30",,,,
"US1NJMD0038","EDISON TWP 1.9 N, NJ US","2015-10",,,"1.84","4.13",,,,
"US1NJMD0038","EDISON TWP 1.9 N, NJ US","2015-11",,,"0.73","1.46",,,,
"US1NJMD0038","EDISON TWP 1.9 N, NJ US","2015-12",,,"1.13","4.70",,,,
"US1NJMD0038","EDISON TWP 1.9 N, NJ US","2016-04",,,"0.33","0.87",,,,
"US1NJMD0038","EDISON TWP 1.9 N, NJ US","2016-05",,,"1.34","4.17",,,,
"US1NJES0024","CEDAR GROVE TWP 0.4 W, NJ US","2015-12",,,"1.60","5.15",,,,
"US1NJES0024","CEDAR GROVE TWP 0.4 W, NJ US","2016-01","20","21.9","2.05","4.18","23.3",,,
"US1NJES0024","CEDAR GROVE TWP 0.4 W, NJ US","2016-02",,"4.5","2.70","6.50","6.9",,,
"US1NJES0024","CEDAR GROVE TWP 0.4 W, NJ US","2016-03","1","0.8","0.36","1.43","1.6",,,
"US1NJES0024","CEDAR GROVE TWP 0.4 W, NJ US","2016-04","1","0.5","0.54","3.01","0.5",,,
"US1NJES0024","CEDAR GROVE TWP 0.4 W, NJ US","2016-05","0","0.0","0.77","3.32","0.0",,,
"US1NJBG0037","GLEN ROCK 0.4 WNW, NJ US","2015-07",,,"0.72","2.15",,,,
"US1NJBG0037","GLEN ROCK 0.4 WNW, NJ US","2015-08",,"0.0","0.54","1.10","0.0",,,
"US1NJBG0037","GLEN ROCK 0.4 WNW, NJ US","2015-09",,,"1.50","2.34",,,,
"US1NJBG0037","GLEN ROCK 0.4 WNW, NJ US","2015-10",,,"2.51","4.15",,,,
"US1NJBG0037","GLEN ROCK 0.4 WNW, NJ US","2015-11",,,"1.17","1.95",,,,
"US1NJBG0037","GLEN ROCK 0.4 WNW, NJ US","2015-12",,,"1.40","4.67",,,,
"US1NJBG0037","GLEN ROCK 0.4 WNW, NJ US","2016-01",,,"1.33","3.44",,,,
"US1NJBG0037","GLEN ROCK 0.4 WNW, NJ US","2016-02",,,"1.81","5.05",,,,
"US1NJBG0037","GLEN ROCK 0.4 WNW, NJ US","2016-03",,,"0.44","1.55",,,,
"US1NJBG0037","GLEN ROCK 0.4 WNW, NJ US","2016-05",,,"0.63","3.46",,,,
"US1NJBG0039","RIVER EDGE 0.4 NNE, NJ US","2016-03",,,"0.26","1.19",,,,
"US1NJBG0039","RIVER EDGE 0.4 NNE, NJ US","2016-04",,,"0.61","2.41",,,,
"US1NJBG0039","RIVER EDGE 0.4 NNE, NJ US","2016-05",,,"0.84","2.79",,,,
"US1NJHD0002","KEARNY 1.7 NW, NJ US","2015-07",,,"1.28","2.79",,,,
"US1NJHD0002","KEARNY 1.7 NW, NJ US","2015-08",,,"0.84","1.74",,,,
"US1NJHD0002","KEARNY 1.7 NW, NJ US","2015-09",,,"1.15","1.34",,,,
"US1NJHD0002","KEARNY 1.7 NW, NJ US","2015-10",,,"1.53","5.12",,,,
"US1NJHD0002","KEARNY 1.7 NW, NJ US","2015-11",,,"1.12","1.72",,,,
"US1NJHD0002","KEARNY 1.7 NW, NJ US","2015-12",,,"2.08","4.18",,,,
"US1NJHD0002","KEARNY 1.7 NW, NJ US","2016-01",,,"1.58","2.87",,,,
"US1NJHD0002","KEARNY 1.7 NW, NJ US","2016-02",,,"1.15","2.65",,,,
"US1NJHD0002","KEARNY 1.7 NW, NJ US","2016-03",,,"0.34","1.30",,,,
"US1NJHD0002","KEARNY 1.7 NW, NJ US","2016-04",,,"0.42","1.63",,,,
"US1NJHD0002","KEARNY 1.7 NW, NJ US","2016-05",,,"1.11","3.42",,,,
"US1NJMS0058","MORRISTOWN 1.2 ESE, NJ US","2015-08",,,"1.24","3.00",,,,
"US1NJMS0058","MORRISTOWN 1.2 ESE, NJ US","2015-09",,"0.0","1.92","3.89","0.0",,,
"US1NJMS0058","MORRISTOWN 1.2 ESE, NJ US","2015-10",,,"2.19","3.94",,,,
"US1NJMS0058","MORRISTOWN 1.2 ESE, NJ US","2015-11",,,"1.53","2.19",,,,
"US1NJHD0001","HARRISON 0.3 N, NJ US","2015-07",,,"1.08","2.40",,,,
"US1NJHD0001","HARRISON 0.3 N, NJ US","2015-08",,,"0.71","1.44",,,,
"US1NJHD0001","HARRISON 0.3 N, NJ US","2015-09",,,"1.33","1.92",,,,
"US1NJHD0001","HARRISON 0.3 N, NJ US","2015-10",,,"1.81","4.08",,,,
"US1NJHD0001","HARRISON 0.3 N, NJ US","2015-11",,,"1.09","1.67",,,,
"US1NJHD0001","HARRISON 0.3 N, NJ US","2015-12",,,"1.89","5.15",,,,
"US1NJHD0001","HARRISON 0.3 N, NJ US","2016-01",,,"1.50","2.34",,,,
"US1NJHD0001","HARRISON 0.3 N, NJ US","2016-02",,,"0.97","4.07",,,,
"US1NJHD0001","HARRISON 0.3 N, NJ US","2016-03",,,"0.32","1.32",,,,
"US1NJHD0001","HARRISON 0.3 N, NJ US","2016-04",,,"0.51","1.74",,,,
"US1NJHD0001","HARRISON 0.3 N, NJ US","2016-05",,,"1.25","3.11",,,,
"US1NJMS0059","MADISON 0.8 WSW, NJ US","2015-07",,,"0.65","1.89",,,,
"US1NJMS0059","MADISON 0.8 WSW, NJ US","2015-08",,,"0.83","2.10",,,,
"US1NJMS0059","MADISON 0.8 WSW, NJ US","2015-09",,,"2.36","4.59",,,,
"US1NJMS0059","MADISON 0.8 WSW, NJ US","2015-10",,,"2.12","4.20",,,,
"US1NJMS0059","MADISON 0.8 WSW, NJ US","2015-11",,,"1.50","2.24",,,,
"US1NJMS0059","MADISON 0.8 WSW, NJ US","2015-12",,,"1.23","4.61",,,,
"US1NJMS0059","MADISON 0.8 WSW, NJ US","2016-01",,,"2.95","5.17",,,,
"US1NJMS0059","MADISON 0.8 WSW, NJ US","2016-02",,,"1.47","5.71",,,,
"US1NJMS0059","MADISON 0.8 WSW, NJ US","2016-03",,,"0.36","1.60",,,,
"US1NJMS0059","MADISON 0.8 WSW, NJ US","2016-04",,,"0.42","2.39",,,,
"US1NJMS0059","MADISON 0.8 WSW, NJ US","2016-05",,,"0.75","3.81",,,,
"US1NJPS0012","LITTLE FALLS TWP 0.5 WNW, NJ US","2015-07",,"0.0","0.78","2.03","0.0",,,
"US1NJPS0012","LITTLE FALLS TWP 0.5 WNW, NJ US","2015-08",,"0.0","0.58","1.28","0.0",,,
"US1NJPS0012","LITTLE FALLS TWP 0.5 WNW, NJ US","2015-09",,"0.0","1.88","3.24","0.0",,,
"US1NJPS0012","LITTLE FALLS TWP 0.5 WNW, NJ US","2015-10",,"0.0","3.01","4.90","0.0",,,
"US1NJPS0012","LITTLE FALLS TWP 0.5 WNW, NJ US","2015-11",,"0.0","1.45","2.47","0.0",,,
"US1NJPS0012","LITTLE FALLS TWP 0.5 WNW, NJ US","2015-12",,"0.3","1.52","5.26","0.3",,,
"US1NJPS0012","LITTLE FALLS TWP 0.5 WNW, NJ US","2016-01","18","13.5","1.79","4.25","20.2",,,
"US1NJPS0012","LITTLE FALLS TWP 0.5 WNW, NJ US","2016-02","5","3.6","2.67","6.93","5.7",,,
"US1NJPS0012","LITTLE FALLS TWP 0.5 WNW, NJ US","2016-03","1","0.8","0.43","1.63","1.4",,,
"US1NJPS0012","LITTLE FALLS TWP 0.5 WNW, NJ US","2016-04","0","0.0","0.76","3.14","0.0",,,
"US1NJPS0012","LITTLE FALLS TWP 0.5 WNW, NJ US","2016-05",,"0.0","0.72","3.75","0.0",,,
"US1NYRC0002","STATEN ISLAND 1.4 SE, NY US","2015-08",,,"1.24","1.92",,,,
"US1NYRC0002","STATEN ISLAND 1.4 SE, NY US","2015-09",,,"1.42","3.00",,,,
"US1NYRC0002","STATEN ISLAND 1.4 SE, NY US","2015-10",,,"2.22","4.53",,,,
"US1NYRC0002","STATEN ISLAND 1.4 SE, NY US","2015-11",,,"0.80","1.57",,,,
"US1NYRC0002","STATEN ISLAND 1.4 SE, NY US","2015-12",,,"0.80","3.14",,,,
"US1NYRC0002","STATEN ISLAND 1.4 SE, NY US","2016-01",,,"1.94","4.82",,,,
"US1NYRC0002","STATEN ISLAND 1.4 SE, NY US","2016-02",,,"1.10","3.61",,,,
"US1NYRC0002","STATEN ISLAND 1.4 SE, NY US","2016-03",,,"0.66","1.65",,,,
"US1NYRC0002","STATEN ISLAND 1.4 SE, NY US","2016-04",,,"0.35","1.30",,,,
"US1NYRC0002","STATEN ISLAND 1.4 SE, NY US","2016-05",,,"1.68","4.08",,,,
"US1NJMS0011","BOONTON 0.6 NW, NJ US","2015-07",,,"0.86","2.83",,,,
"US1NJMS0011","BOONTON 0.6 NW, NJ US","2015-08",,,"0.58","1.68",,,,
"US1NJMS0011","BOONTON 0.6 NW, NJ US","2015-09",,"0.0","3.02","5.26","0.0",,,
"US1NJMS0011","BOONTON 0.6 NW, NJ US","2015-10",,,"2.41","3.57",,,,
"US1NJMS0011","BOONTON 0.6 NW, NJ US","2015-11",,,"1.68","2.31",,,,
"US1NJMS0011","BOONTON 0.6 NW, NJ US","2015-12",,,"1.28","4.88",,,,
"US1NJMS0011","BOONTON 0.6 NW, NJ US","2016-01",,"22.6","0.82","2.15","29.2",,,
"US1NJMS0011","BOONTON 0.6 NW, NJ US","2016-02",,,"1.59","4.28",,,,
"US1NJMS0011","BOONTON 0.6 NW, NJ US","2016-03",,,"0.34","1.13",,,,
"US1NJMS0011","BOONTON 0.6 NW, NJ US","2016-04",,,"0.33","1.78",,,,
"US1NJMS0011","BOONTON 0.6 NW, NJ US","2016-05",,,"0.61","4.02",,,,
"US1NYRC0001","STATEN ISLAND 4.5 SSE, NY US","2015-07",,,"0.58","1.69",,,,
"US1NYRC0001","STATEN ISLAND 4.5 SSE, NY US","2015-08",,"0.0","0.67","1.05","0.0",,,
"US1NYRC0001","STATEN ISLAND 4.5 SSE, NY US","2015-09",,,"1.33","2.41",,,,
"US1NYRC0001","STATEN ISLAND 4.5 SSE, NY US","2015-10",,,"1.82","3.81",,,,
"US1NYRC0001","STATEN ISLAND 4.5 SSE, NY US","2015-11",,,"0.71","1.28",,,,
"US1NYRC0001","STATEN ISLAND 4.5 SSE, NY US","2015-12",,,"0.92","3.29",,,,
"US1NYRC0001","STATEN ISLAND 4.5 SSE, NY US","2016-01",,,"1.16","1.32",,,,
"US1NYRC0001","STATEN ISLAND 4.5 SSE, NY US","2016-02",,,"0.90","3.83",,,,
"US1NYRC0001","STATEN ISLAND 4.5 SSE, NY US","2016-03",,,"0.48","1.43",,,,
"US1NYRC0001","STATEN ISLAND 4.5 SSE, NY US","2016-04",,,"0.37","1.15",,,,
"US1NYRC0001","STATEN ISLAND 4.5 SSE, NY US","2016-05",,,"1.81","4.14",,,,
"US1NJPS0014","HAWTHORNE 1.0 SSE, NJ US","2015-07",,"0.0","0.62","2.22","0.0",,,
"US1NJPS0014","HAWTHORNE 1.0 SSE, NJ US","2015-08",,"0.0","0.57","1.32","0.0",,,
"US1NJPS0014","HAWTHORNE 1.0 SSE, NJ US","2015-09",,,"1.38","2.55",,,,
"US1NJPS0014","HAWTHORNE 1.0 SSE, NJ US","2015-10",,"0.0","2.66","4.53","0.0",,,
"US1NJPS0014","HAWTHORNE 1.0 SSE, NJ US","2015-11",,"0.0","1.09","2.01","0.0",,,
"US1NJPS0014","HAWTHORNE 1.0 SSE, NJ US","2015-12",,"0.1","1.43","5.03","0.1",,,
"US1NJPS0014","HAWTHORNE 1.0 SSE, NJ US","2016-01",,"13.9","1.52","4.00","17.4",,,
"US1NJPS0014","HAWTHORNE 1.0 SSE, NJ US","2016-02",,"2.4","2.08","5.22","4.0",,,
"US1NJPS0014","HAWTHORNE 1.0 SSE, NJ US","2016-03",,,"0.40","1.62",,,,
"US1NJPS0014","HAWTHORNE 1.0 SSE, NJ US","2016-04",,,"0.60","2.38",,,,
"US1NJPS0014","HAWTHORNE 1.0 SSE, NJ US","2016-05","0","0.0","0.62","3.48","0.0",,,
"US1NYSF0041","EAST FARMINGDALE 0.9 W, NY US","2016-01",,,"0.90","2.30",,,,
"US1NYSF0041","EAST FARMINGDALE 0.9 W, NY US","2016-02",,,"1.07","4.25",,,,
"US1NYSF0041","EAST FARMINGDALE 0.9 W, NY US","2016-03",,,"0.82","1.94",,,,
"US1NYSF0041","EAST FARMINGDALE 0.9 W, NY US","2016-04",,,"0.65","2.23",,,,
"US1NYSF0041","EAST FARMINGDALE 0.9 W, NY US","2016-05",,,"0.70","3.50",,,,
"USW00094741","TETERBORO AIRPORT, NJ US","2015-07",,,"0.99","2.75",,"78.1","87.0","69.3"
"USW00094741","TETERBORO AIRPORT, NJ US","2015-08",,,"0.84","1.64",,"77.8","87.9","67.6"
"USW00094741","TETERBORO AIRPORT, NJ US","2015-09",,,"1.18","2.46",,"73.1","83.6","62.6"
"USW00094741","TETERBORO AIRPORT, NJ US","2015-10",,,"1.53","3.43",,"56.5","66.8","46.2"
"USW00094741","TETERBORO AIRPORT, NJ US","2015-11",,,"1.14","1.74",,"51.4","60.6","42.3"
"USW00094741","TETERBORO AIRPORT, NJ US","2015-12",,,"1.74","5.12",,"49.3","57.5","41.1"
"USW00094741","TETERBORO AIRPORT, NJ US","2016-01",,,"1.84","3.48",,"33.0","41.3","24.6"
"USW00094741","TETERBORO AIRPORT, NJ US","2016-02",,,"1.48","3.08",,"36.9","45.9","28.0"
"USW00094741","TETERBORO AIRPORT, NJ US","2016-03",,,"0.40","1.38",,"47.7","57.9","37.5"
"USW00094741","TETERBORO AIRPORT, NJ US","2016-04",,,"0.46","2.22",,"52.4","62.7","42.1"
"USW00094741","TETERBORO AIRPORT, NJ US","2016-05",,,"1.00","3.29",,"63.0","72.9","53.1"
"US1NJES0018","MAPLEWOOD TWP 0.9 SE, NJ US","2015-07",,,"0.43","0.95",,,,
"US1NJES0018","MAPLEWOOD TWP 0.9 SE, NJ US","2015-08",,,"0.60","1.72",,,,
"US1NJES0018","MAPLEWOOD TWP 0.9 SE, NJ US","2015-09",,,"1.57","2.94",,,,
"US1NJES0018","MAPLEWOOD TWP 0.9 SE, NJ US","2015-11",,,"1.30","1.70",,,,
"US1NJES0018","MAPLEWOOD TWP 0.9 SE, NJ US","2015-12",,,"1.75","4.66",,,,
"US1NJES0018","MAPLEWOOD TWP 0.9 SE, NJ US","2016-01",,,"1.71","4.41",,,,
"US1NJES0018","MAPLEWOOD TWP 0.9 SE, NJ US","2016-02",,,"1.19","4.11",,,,
"US1NJES0018","MAPLEWOOD TWP 0.9 SE, NJ US","2016-03",,,"0.32","1.34",,,,
"US1NJES0018","MAPLEWOOD TWP 0.9 SE, NJ US","2016-04",,,"0.44","1.56",,,,
"US1NJES0018","MAPLEWOOD TWP 0.9 SE, NJ US","2016-05",,,"0.87","3.30",,,,
"US1NYRL0005","WEST NYACK 1.3 WSW, NY US","2015-07",,,"0.65","2.56",,,,
"US1NYRL0005","WEST NYACK 1.3 WSW, NY US","2015-08",,,"0.78","1.75",,,,
"US1NYRL0005","WEST NYACK 1.3 WSW, NY US","2015-09",,"0.0","1.58","3.53","0.0",,,
"US1NYRL0005","WEST NYACK 1.3 WSW, NY US","2015-10",,,"2.07","3.76",,,,
"US1NYRL0005","WEST NYACK 1.3 WSW, NY US","2015-11",,,"0.54","0.80",,,,
"US1NYRL0005","WEST NYACK 1.3 WSW, NY US","2015-12",,,"1.49","5.31",,,,
"US1NYRL0005","WEST NYACK 1.3 WSW, NY US","2016-01",,"19.5","1.26","2.04","21.0",,,
"US1NYRL0005","WEST NYACK 1.3 WSW, NY US","2016-02",,,"1.65","5.19",,,,
"US1NYRL0005","WEST NYACK 1.3 WSW, NY US","2016-03",,,"0.39","1.42",,,,
"US1NYRL0005","WEST NYACK 1.3 WSW, NY US","2016-04",,,"0.49","2.62",,,,
"US1NYRL0005","WEST NYACK 1.3 WSW, NY US","2016-05",,,"1.09","4.06",,,,
"US1NJES0019","WEST CALDWELL TWP 1.3 NE, NJ US","2015-09",,,"2.16","3.74",,,,
"US1NJES0019","WEST CALDWELL TWP 1.3 NE, NJ US","2015-10",,,"2.48","4.43",,,,
"USW00094745","WESTCHESTER CO AIRPORT, NY US","2015-07",,,"0.92","4.07",,"74.4","82.9","66.0"
"USW00094745","WESTCHESTER CO AIRPORT, NY US","2015-08",,,"1.62","2.25",,"74.5","84.4","64.7"
"USW00094745","WESTCHESTER CO AIRPORT, NY US","2015-09",,,"3.07","4.99",,"69.9","79.9","59.8"
"USW00094745","WESTCHESTER CO AIRPORT, NY US","2015-10",,,"1.93","4.07",,"53.3","62.7","43.9"
"USW00094745","WESTCHESTER CO AIRPORT, NY US","2015-11",,,"1.95","2.87",,"48.5","56.7","40.3"
"USW00094745","WESTCHESTER CO AIRPORT, NY US","2015-12",,,"1.51","4.81",,"46.2","53.3","39.2"
"USW00094745","WESTCHESTER CO AIRPORT, NY US","2016-01",,,"1.55","1.99",,"31.0","38.9","23.2"
"USW00094745","WESTCHESTER CO AIRPORT, NY US","2016-02",,,"1.82","5.00",,"34.4","43.1","25.7"
"USW00094745","WESTCHESTER CO AIRPORT, NY US","2016-03",,,"0.41","1.24",,"45.0","54.9","35.1"
"USW00094745","WESTCHESTER CO AIRPORT, NY US","2016-04",,,"0.68","3.40",,"48.7","58.5","38.8"
"USW00094745","WESTCHESTER CO AIRPORT, NY US","2016-05",,,"0.86","2.95",,"59.6","68.9","50.4"
"USW00094789","JFK INTERNATIONAL AIRPORT, NY US","2015-07","0","0.0","0.97","2.31","0.0","78.4","85.2","71.5"
"USW00094789","JFK INTERNATIONAL AIRPORT, NY US","2015-08","0","0.0","2.48","3.63","0.0","78.5","86.3","70.7"
"USW00094789","JFK INTERNATIONAL AIRPORT, NY US","2015-09","0","0.0","1.18","2.58","0.0","73.0","81.0","65.0"
"USW00094789","JFK INTERNATIONAL AIRPORT, NY US","2015-10","0","0.0","1.81","4.20","0.0","57.8","65.4","50.3"
"USW00094789","JFK INTERNATIONAL AIRPORT, NY US","2015-11","0","0.0","0.58","1.20","0.0","52.6","60.2","44.9"
"USW00094789","JFK INTERNATIONAL AIRPORT, NY US","2015-12","0","0.1","1.17","4.79","0.1","50.3","56.4","44.2"
"USW00094789","JFK INTERNATIONAL AIRPORT, NY US","2016-01","28","30.3","2.90","4.59","31.3","34.6","41.5","27.7"
"USW00094789","JFK INTERNATIONAL AIRPORT, NY US","2016-02","4","4.6","1.05","4.05","8.1","37.7","45.1","30.1"
"USW00094789","JFK INTERNATIONAL AIRPORT, NY US","2016-03","1","1.4","0.48","1.39","1.9","47.5","55.3","39.6"
"USW00094789","JFK INTERNATIONAL AIRPORT, NY US","2016-04","0","0.0","0.32","1.24","0.0","51.0","59.4","42.6"
"USW00094789","JFK INTERNATIONAL AIRPORT, NY US","2016-05","0","0.0","1.05","3.72","0.0","60.3","67.7","52.8"
"USC00289187","WANAQUE RAYMOND DAM, NJ US","2015-07","0","0.0","0.70","2.11","0.0",,,
"USC00289187","WANAQUE RAYMOND DAM, NJ US","2015-08","0","0.0","0.58","1.64","0.0",,,
"USC00289187","WANAQUE RAYMOND DAM, NJ US","2015-09","0","0.0","2.20","4.66","0.0",,,
"USC00289187","WANAQUE RAYMOND DAM, NJ US","2015-10","0","0.0","0.39","3.56","0.0",,,
"USC00289187","WANAQUE RAYMOND DAM, NJ US","2015-11","0","0.0","1.37","2.15","0.0",,,
"USC00289187","WANAQUE RAYMOND DAM, NJ US","2015-12","0","0.0","1.25","4.83","0.0",,,
"USC00289187","WANAQUE RAYMOND DAM, NJ US","2016-01","27","24.0","2.40","6.72","30.7",,,
"USC00289187","WANAQUE RAYMOND DAM, NJ US","2016-02","1","1.0","2.22","4.54","2.0",,,
"USC00289187","WANAQUE RAYMOND DAM, NJ US","2016-03","0","0.0","0.19","0.57","0.0",,,
"USC00289187","WANAQUE RAYMOND DAM, NJ US","2016-04","0","0.0","1.36","3.12","0.0",,,
"USC00289187","WANAQUE RAYMOND DAM, NJ US","2016-05","0","0.0","0.60","3.68","0.0",,,
"US1NJBG0030","OAKLAND 1.0 ESE, NJ US","2015-08",,,"0.47","1.50",,,,
"US1NJBG0030","OAKLAND 1.0 ESE, NJ US","2015-09",,,"1.79","4.20",,,,
"US1NJBG0030","OAKLAND 1.0 ESE, NJ US","2015-10",,,"2.09","3.76",,,,
"US1NJBG0030","OAKLAND 1.0 ESE, NJ US","2015-11",,,"1.14","1.87",,,,
"US1NJBG0030","OAKLAND 1.0 ESE, NJ US","2015-12",,,"1.10","4.61",,,,
"US1NJBG0030","OAKLAND 1.0 ESE, NJ US","2016-01",,,"1.34","3.74",,,,
"US1NJBG0030","OAKLAND 1.0 ESE, NJ US","2016-02",,,"2.20","5.42",,,,
"US1NJBG0030","OAKLAND 1.0 ESE, NJ US","2016-03",,,"0.33","1.26",,,,
"US1NJBG0030","OAKLAND 1.0 ESE, NJ US","2016-04",,,"0.43","2.09",,,,
"US1NJBG0030","OAKLAND 1.0 ESE, NJ US","2016-05",,,"0.55","3.23",,,,
"USC00066655","PUTNAM LAKE, CT US","2016-01",,,"1.61","2.68",,"31.4","39.5","23.4"
"USC00066655","PUTNAM LAKE, CT US","2016-02",,,"1.76","5.39",,"36.4","46.4","26.3"
"USC00066655","PUTNAM LAKE, CT US","2016-03",,,"0.56","1.56",,"45.5","54.0","37.0"
"USC00066655","PUTNAM LAKE, CT US","2016-04",,,"0.54","2.88",,"51.0","61.3","40.8"
"USC00066655","PUTNAM LAKE, CT US","2016-05",,,"0.98","3.85",,"62.6","72.6","52.6"
"US1NJBG0002","SADDLE BROOK TWP 0.6 E, NJ US","2015-07",,,"0.97","2.90",,,,
"US1NJBG0002","SADDLE BROOK TWP 0.6 E, NJ US","2015-08",,,"0.85","1.46",,,,
"US1NJBG0002","SADDLE BROOK TWP 0.6 E, NJ US","2015-09",,,"1.33","2.67",,,,
"US1NJBG0002","SADDLE BROOK TWP 0.6 E, NJ US","2015-10",,,"1.85","3.41",,,,
"US1NJBG0002","SADDLE BROOK TWP 0.6 E, NJ US","2015-11",,,"1.48","2.22",,,,
"US1NJBG0002","SADDLE BROOK TWP 0.6 E, NJ US","2015-12",,,"1.73","5.30",,,,
"US1NJBG0002","SADDLE BROOK TWP 0.6 E, NJ US","2016-01",,"10.0","1.83","4.52","18.7",,,
"US1NJBG0002","SADDLE BROOK TWP 0.6 E, NJ US","2016-02",,,"1.68","5.22",,,,
"US1NJBG0002","SADDLE BROOK TWP 0.6 E, NJ US","2016-04",,,"0.41","2.32",,,,
"US1NJBG0002","SADDLE BROOK TWP 0.6 E, NJ US","2016-05",,,"0.72","3.58",,,,
"US1NJBG0003","TENAFLY 1.3 W, NJ US","2015-08",,"0.0","0.48","1.27","0.0",,,
"US1NJBG0003","TENAFLY 1.3 W, NJ US","2015-09",,"0.0","1.58","3.65","0.0",,,
"US1NJBG0003","TENAFLY 1.3 W, NJ US","2015-10",,,"1.72","3.56",,,,
"US1NJBG0003","TENAFLY 1.3 W, NJ US","2015-11",,,"1.30","2.02",,,,
"US1NJBG0003","TENAFLY 1.3 W, NJ US","2015-12",,,"1.39","4.50",,,,
"US1NJBG0003","TENAFLY 1.3 W, NJ US","2016-01",,"16.6","1.68","4.09","21.8",,,
"US1NJBG0003","TENAFLY 1.3 W, NJ US","2016-02",,,"1.02","4.37",,,,
"US1NJBG0003","TENAFLY 1.3 W, NJ US","2016-03",,,"0.24","1.57",,,,
"US1NJBG0003","TENAFLY 1.3 W, NJ US","2016-04",,,"0.69","2.64",,,,
"US1NJBG0003","TENAFLY 1.3 W, NJ US","2016-05",,,"0.85","3.69",,,,
"US1NJMS0049","FLORHAM PARK 0.2 WNW, NJ US","2015-07",,,"0.71","2.10",,,,
"US1NJMS0049","FLORHAM PARK 0.2 WNW, NJ US","2015-08",,,"0.57","1.97",,,,
"US1NJMS0049","FLORHAM PARK 0.2 WNW, NJ US","2015-09",,,"2.46","4.70",,,,
"US1NJMS0049","FLORHAM PARK 0.2 WNW, NJ US","2015-10",,,"2.14","3.94",,,,
"US1NJMS0049","FLORHAM PARK 0.2 WNW, NJ US","2015-11",,,"1.56","2.28",,,,
"US1NJMS0049","FLORHAM PARK 0.2 WNW, NJ US","2015-12",,,"1.38","4.71",,,,
"US1NJMS0049","FLORHAM PARK 0.2 WNW, NJ US","2016-01",,"11.0","1.73","4.24","15.8",,,
"US1NJMS0049","FLORHAM PARK 0.2 WNW, NJ US","2016-02",,,"2.63","6.37",,,,
"US1NJMS0049","FLORHAM PARK 0.2 WNW, NJ US","2016-03",,,"0.26","1.31",,,,
"US1NJMS0049","FLORHAM PARK 0.2 WNW, NJ US","2016-04",,,"0.39","2.31",,,,
"US1NJMS0049","FLORHAM PARK 0.2 WNW, NJ US","2016-05",,,"0.64","3.90",,,,
"US1NJMN0069","LONG BRANCH 1.7 SSW, NJ US","2015-11",,,"1.27","2.33",,,,
"US1NJMN0069","LONG BRANCH 1.7 SSW, NJ US","2015-12",,,"1.09","5.29",,,,
"US1NJMN0069","LONG BRANCH 1.7 SSW, NJ US","2016-01",,"10.0","1.15","3.44","19.4",,,
"US1NJMN0069","LONG BRANCH 1.7 SSW, NJ US","2016-02",,,"0.89","4.25",,,,
"US1NJMN0069","LONG BRANCH 1.7 SSW, NJ US","2016-03",,,"0.86","2.12",,,,
"US1NJMN0069","LONG BRANCH 1.7 SSW, NJ US","2016-04",,,"0.42","2.13",,,,
"US1NJMN0069","LONG BRANCH 1.7 SSW, NJ US","2016-05",,,"0.49","3.75",,,,
"US1NJMD0062","OLD BRIDGE TWP 5.1 NE, NJ US","2015-07",,,"1.77","3.23",,,,
"US1NJMD0062","OLD BRIDGE TWP 5.1 NE, NJ US","2015-08",,"0.0","0.89","1.53","0.0",,,
"US1NJMD0062","OLD BRIDGE TWP 5.1 NE, NJ US","2015-09",,"0.0","1.39","2.46","0.0",,,
"US1NJMD0062","OLD BRIDGE TWP 5.1 NE, NJ US","2015-10",,,"1.86","4.02",,,,
"US1NJMD0062","OLD BRIDGE TWP 5.1 NE, NJ US","2015-11",,,"0.73","1.80",,,,
"US1NJMD0062","OLD BRIDGE TWP 5.1 NE, NJ US","2015-12",,,"0.86","4.11",,,,
"US1NJMD0062","OLD BRIDGE TWP 5.1 NE, NJ US","2016-01",,"13.0","1.65","4.86","20.7",,,
"US1NJMD0062","OLD BRIDGE TWP 5.1 NE, NJ US","2016-02",,,"1.15","4.50",,,,
"US1NJMD0062","OLD BRIDGE TWP 5.1 NE, NJ US","2016-03",,,"0.50","1.71",,,,
"US1NJMD0062","OLD BRIDGE TWP 5.1 NE, NJ US","2016-04",,,"0.32","1.35",,,,
"US1NJMD0062","OLD BRIDGE TWP 5.1 NE, NJ US","2016-05",,,"2.54","5.20",,,,
"US1NJMS0002","LONG HILL TWP 1.2 SSE, NJ US","2015-07",,,"0.28","1.44",,,,
"US1NJMS0002","LONG HILL TWP 1.2 SSE, NJ US","2015-08",,,"0.94","2.19",,,,
"US1NJMS0002","LONG HILL TWP 1.2 SSE, NJ US","2015-09",,"0.0","1.63","3.35","0.0",,,
"US1NJMS0002","LONG HILL TWP 1.2 SSE, NJ US","2015-10",,,"2.43","4.65",,,,
"US1NJMS0002","LONG HILL TWP 1.2 SSE, NJ US","2015-11",,"0.0","1.53","2.20","0.0",,,
"US1NJMS0002","LONG HILL TWP 1.2 SSE, NJ US","2015-12",,,"1.21","4.58",,,,
"US1NJMS0002","LONG HILL TWP 1.2 SSE, NJ US","2016-05",,,"0.67","3.64",,,,
"US1NJPS0022","RINGWOOD 3.0 SSE, NJ US","2015-07",,,"1.02","2.80",,,,
"US1NJPS0022","RINGWOOD 3.0 SSE, NJ US","2015-08",,,"0.84","2.09",,,,
"US1NJPS0022","RINGWOOD 3.0 SSE, NJ US","2015-09",,,"2.53","5.55",,,,
"US1NJPS0022","RINGWOOD 3.0 SSE, NJ US","2015-10",,,"2.55","4.21",,,,
"US1NJPS0022","RINGWOOD 3.0 SSE, NJ US","2015-12",,,"1.20","5.25",,,,
"US1NJPS0022","RINGWOOD 3.0 SSE, NJ US","2016-01",,,"1.57","3.34",,,,
"US1NJPS0022","RINGWOOD 3.0 SSE, NJ US","2016-02",,,"2.39","5.85",,,,
"US1NJPS0022","RINGWOOD 3.0 SSE, NJ US","2016-03",,,"0.27","0.98",,,,
"US1NJPS0022","RINGWOOD 3.0 SSE, NJ US","2016-05",,,"0.57","3.72",,,,
"US1NJPS0025","BLOOMINGDALE 0.7 SSE, NJ US","2015-07",,,"0.86","2.37",,,,
"US1NJPS0025","BLOOMINGDALE 0.7 SSE, NJ US","2015-08",,,"0.79","1.85",,,,
"US1NJPS0025","BLOOMINGDALE 0.7 SSE, NJ US","2015-09",,,"2.93","5.13",,,,
"US1NJPS0025","BLOOMINGDALE 0.7 SSE, NJ US","2015-10",,,"2.46","3.57",,,,
"US1NJPS0025","BLOOMINGDALE 0.7 SSE, NJ US","2015-11",,,"1.47","2.04",,,,
"US1NJPS0025","BLOOMINGDALE 0.7 SSE, NJ US","2015-12",,,"1.26","4.72",,,,
"US1NJPS0025","BLOOMINGDALE 0.7 SSE, NJ US","2016-01",,,"1.47","2.51",,,,
"US1NJPS0025","BLOOMINGDALE 0.7 SSE, NJ US","2016-02",,,"2.37","5.25",,,,
"US1NJPS0025","BLOOMINGDALE 0.7 SSE, NJ US","2016-03",,,"0.35","0.80",,,,
"US1NJPS0025","BLOOMINGDALE 0.7 SSE, NJ US","2016-04",,,"0.36","1.75",,,,
"US1NJPS0025","BLOOMINGDALE 0.7 SSE, NJ US","2016-05",,,"0.59","3.77",,,,
"US1NJMS0040","CHATHAM 0.6 NW, NJ US","2015-09",,"0.0","2.41","4.00","0.0",,,
"US1NJMS0040","CHATHAM 0.6 NW, NJ US","2015-10",,,"2.82","5.35",,,,
"US1NJMS0040","CHATHAM 0.6 NW, NJ US","2015-11",,,"1.86","2.59",,,,
"US1NJMS0040","CHATHAM 0.6 NW, NJ US","2015-12",,,"1.43","5.07",,,,
"US1NJMS0040","CHATHAM 0.6 NW, NJ US","2016-01",,,"2.12","5.41",,,,
"US1NJMS0040","CHATHAM 0.6 NW, NJ US","2016-02",,,"2.58","6.33",,,,
"US1NJMS0040","CHATHAM 0.6 NW, NJ US","2016-03",,,"0.37","1.45",,,,
"US1NJMS0040","CHATHAM 0.6 NW, NJ US","2016-04",,,"0.47","2.88",,,,
"US1NJMS0040","CHATHAM 0.6 NW, NJ US","2016-05",,,"0.69","4.05",,,,
"USC00282023","CRANFORD, NJ US","2015-07","0","0.0","0.64","1.89","0.0",,,"65.8"
"USC00282023","CRANFORD, NJ US","2015-08","0","0.0","1.20","2.47","0.0","77.0","89.7","64.3"
"USC00282023","CRANFORD, NJ US","2015-09","0","0.0","1.76","3.04","0.0","72.8","85.4","60.2"
"USC00282023","CRANFORD, NJ US","2015-10","0","0.0","1.70","3.82","0.0",,,"42.9"
"USC00282023","CRANFORD, NJ US","2015-11","0","0.0","1.07","1.83","0.0","49.5","60.2","38.9"
"USC00282023","CRANFORD, NJ US","2015-12","0","0.0","1.84","5.47","0.0","48.0","56.0","40.1"
"USC00282023","CRANFORD, NJ US","2016-01",,"0.0",,,"28.0",,,"22.6"
"USC00282023","CRANFORD, NJ US","2016-02",,"3.0","2.38","4.35","4.0",,,"25.7"
"US1NJMD0071","SOUTH PLAINFIELD 1.8 NE, NJ US","2016-05",,,"0.80","3.75",,,,
"USC00301309","CENTERPORT, NY US","2015-07","0","0.0","1.08","2.54","0.0","74.7","83.4","66.0"
"USC00301309","CENTERPORT, NY US","2015-08","0","0.0","1.20","2.48","0.0","75.4","85.4","65.4"
"USC00301309","CENTERPORT, NY US","2015-09","0","0.0","3.49","4.70","0.0","70.8","80.0","61.6"
"USC00301309","CENTERPORT, NY US","2015-11","0","0.0","0.76","1.48","0.0","50.0","57.0","43.0"
"USC00301309","CENTERPORT, NY US","2015-12","0","0.0","1.28","4.35","0.0","48.2","53.7","42.7"
"USC00301309","CENTERPORT, NY US","2016-01","19","18.0","0.65","3.55","21.0","32.3","39.2","25.4"
"USC00301309","CENTERPORT, NY US","2016-02","7","7.5","1.18","4.37","16.1","34.5","43.0","26.0"
"USC00301309","CENTERPORT, NY US","2016-03","2","2.8","0.51","1.95","3.9","44.9","54.1","35.7"
"USC00301309","CENTERPORT, NY US","2016-04","0","0.0","0.61","2.35","0.0","49.5","58.7","40.4"
"USC00301309","CENTERPORT, NY US","2016-05","0","0.0","0.85","3.53","0.0","59.8","68.5","51.0"
"US1NJMD0070","NEW BRUNSWICK 1.8 E, NJ US","2016-04",,,"0.32","1.31",,,,
"US1NJMD0070","NEW BRUNSWICK 1.8 E, NJ US","2016-05",,,"0.78","2.84",,,,
"USC00281335","CANOE BROOK, NJ US","2015-07","0","0.0","0.84","1.76","0.0","76.0","86.8","65.3"
"USC00281335","CANOE BROOK, NJ US","2015-08","0","0.0","1.04","2.58","0.0","75.3","87.7","63.0"
"USC00281335","CANOE BROOK, NJ US","2015-09","0","0.0","2.20","3.87","0.0","71.2","83.9","58.5"
"USC00281335","CANOE BROOK, NJ US","2015-10","0","0.0","2.49","4.70","0.0","54.7","66.9","42.5"
"USC00281335","CANOE BROOK, NJ US","2015-11","0","0.0","2.03","2.59","0.0","49.0","59.6","38.4"
"USC00281335","CANOE BROOK, NJ US","2015-12","0","0.0","1.47","4.55","0.0","46.4","54.8","38.1"
"USC00281335","CANOE BROOK, NJ US","2016-01",,"1.0","2.10","4.28","26.0","30.1","39.8","20.4"
"USC00281335","CANOE BROOK, NJ US","2016-02","11","3.4","2.81","5.92","5.0","35.2","45.5","24.8"
"USC00281335","CANOE BROOK, NJ US","2016-03","1","1.0","0.33","1.46","1.0","46.7","57.9","35.4"
"USC00281335","CANOE BROOK, NJ US","2016-04","0","0.0","1.04","2.43","0.0","51.3","64.6","38.1"
"USC00281335","CANOE BROOK, NJ US","2016-05","0","0.0","0.77","3.87","0.0","60.5","71.1","50.0"
"US1CTFR0039","STAMFORD 4.2 S, CT US","2016-05",,,"2.07","4.76",,,,
"US1NJBG0015","NORTH ARLINGTON 0.7 WNW, NJ US","2015-07",,,"0.98","2.31",,,,
"US1NJBG0015","NORTH ARLINGTON 0.7 WNW, NJ US","2015-08",,"0.0","0.99","2.08","0.0",,,
"US1NJBG0015","NORTH ARLINGTON 0.7 WNW, NJ US","2015-09",,,"1.46","2.35",,,,
"US1NJBG0015","NORTH ARLINGTON 0.7 WNW, NJ US","2015-10",,,"1.59","3.31",,,,
"US1NJBG0015","NORTH ARLINGTON 0.7 WNW, NJ US","2016-01",,,"1.29","2.48",,,,
"US1NJBG0015","NORTH ARLINGTON 0.7 WNW, NJ US","2016-02",,,"1.23","2.49",,,,
"US1NJBG0015","NORTH ARLINGTON 0.7 WNW, NJ US","2016-03",,,"0.20","1.03",,,,
"US1NJBG0015","NORTH ARLINGTON 0.7 WNW, NJ US","2016-04",,,"0.39","1.11",,,,
"US1NJBG0015","NORTH ARLINGTON 0.7 WNW, NJ US","2016-05",,,"1.16","3.03",,,,
"US1NJBG0017","GLEN ROCK 0.7 SSE, NJ US","2015-07",,,"0.69","2.01",,,,
"US1NJBG0017","GLEN ROCK 0.7 SSE, NJ US","2015-09",,,"1.39","2.27",,,,
"US1NJBG0017","GLEN ROCK 0.7 SSE, NJ US","2015-11",,,"1.11","1.90",,,,
"US1NJBG0017","GLEN ROCK 0.7 SSE, NJ US","2015-12",,,"1.53","5.16",,,,
"US1NJBG0017","GLEN ROCK 0.7 SSE, NJ US","2016-01",,"9.4","1.45","3.60","15.9",,,
"US1NJBG0017","GLEN ROCK 0.7 SSE, NJ US","2016-02","3","2.9","1.65","4.96","5.3",,,
"US1NJBG0017","GLEN ROCK 0.7 SSE, NJ US","2016-03","1","0.6","0.32","1.17","0.9",,,
"US1NJBG0017","GLEN ROCK 0.7 SSE, NJ US","2016-04",,"0.0","0.41","2.20","0.0",,,
"US1NJBG0017","GLEN ROCK 0.7 SSE, NJ US","2016-05",,,"0.66","3.42",,,,
"US1NJBG0018","PALISADES PARK 0.2 WNW, NJ US","2015-07",,,"0.76","2.46",,,,
"US1NJBG0018","PALISADES PARK 0.2 WNW, NJ US","2015-08",,,"0.91","1.80",,,,
"US1NJBG0018","PALISADES PARK 0.2 WNW, NJ US","2015-09",,,"1.34","3.57",,,,
"US1NJBG0018","PALISADES PARK 0.2 WNW, NJ US","2015-10",,,"1.70","4.53",,,,
"US1NJBG0018","PALISADES PARK 0.2 WNW, NJ US","2015-12",,,"1.55","4.96",,,,
"US1NJBG0018","PALISADES PARK 0.2 WNW, NJ US","2016-01",,"12.4","2.00","4.63","24.1",,,
"US1NJBG0018","PALISADES PARK 0.2 WNW, NJ US","2016-03",,,"0.23","1.07",,,,
"US1NJBG0018","PALISADES PARK 0.2 WNW, NJ US","2016-04",,,"0.44","2.09",,,,
"US1NJBG0018","PALISADES PARK 0.2 WNW, NJ US","2016-05",,,"1.20","3.48",,,,
"US1NJMS0078","BOONTON 0.7 WSW, NJ US","2015-09",,,"3.15","5.78",,,,
"US1NJMS0078","BOONTON 0.7 WSW, NJ US","2015-10",,"0.0","2.40","3.79","0.0",,,
"US1NJMS0078","BOONTON 0.7 WSW, NJ US","2015-11",,"0.0","1.64","2.39","0.0",,,
"USC00283704","HARRISON, NJ US","2015-07","0","0.0","1.08","2.49","0.0","78.5","87.1","70.0"
"USC00283704","HARRISON, NJ US","2015-08","0","0.0","0.71","1.44","0.0","78.1","88.1","68.1"
"USC00283704","HARRISON, NJ US","2015-09","0","0.0","1.33","2.59","0.0","72.8","82.3","63.3"
"USC00283704","HARRISON, NJ US","2015-10","0","0.0","1.81","4.06","0.0","55.9","65.9","45.9"
"USC00283704","HARRISON, NJ US","2015-11","0","0.0","1.09","1.67","0.0","50.6","59.3","41.9"
"USC00283704","HARRISON, NJ US","2015-12","0","0.0","1.89","5.14","0.0","47.7","54.6","40.9"
"USC00283704","HARRISON, NJ US","2016-01","25","19.5","1.50","3.65","25.7","32.1","39.8","24.5"
"USC00283704","HARRISON, NJ US","2016-02","7","2.0","0.97","4.07","5.1","36.0","45.0","27.1"
"USC00283704","HARRISON, NJ US","2016-03","1","1.0","0.32","1.32","1.5","47.0","56.6","37.4"
"USC00283704","HARRISON, NJ US","2016-04","0","0.0","0.51","1.74","0.0","51.9","62.0","41.8"
"USC00283704","HARRISON, NJ US","2016-05","0","0.0","1.25","3.68","0.0","61.8","70.6","53.0"
"USW00094728","NY CITY CENTRAL PARK, NY US","2015-07","0","0.0","1.95","3.97","0.0","78.8","85.9","71.7"
"USW00094728","NY CITY CENTRAL PARK, NY US","2015-08","0","0.0","1.17","2.35","0.0","79.0","86.9","71.0"
"USW00094728","NY CITY CENTRAL PARK, NY US","2015-09","0","0.0","1.58","3.28","0.0","74.4","82.6","66.3"
"USW00094728","NY CITY CENTRAL PARK, NY US","2015-10","0","0.0","1.40","3.91","0.0","58.0","65.4","50.7"
"USW00094728","NY CITY CENTRAL PARK, NY US","2015-11","0","0.0","1.25","2.02","0.0","52.8","59.3","46.3"
"USW00094728","NY CITY CENTRAL PARK, NY US","2015-12","0","0.0","1.55","4.72","0.0","50.8","56.3","45.3"
"USW00094728","NY CITY CENTRAL PARK, NY US","2016-01","22","27.3","2.31","4.41","27.9","34.5","40.8","28.2"
"USW00094728","NY CITY CENTRAL PARK, NY US","2016-02","2","2.5","1.22","4.41","4.1","37.8","44.9","30.7"
"USW00094728","NY CITY CENTRAL PARK, NY US","2016-03","0","0.5","0.38","1.17","0.9","48.9","57.4","40.4"
"USW00094728","NY CITY CENTRAL PARK, NY US","2016-04","0","0.0","0.47","1.62","0.0","53.3","62.2","44.4"
"USW00094728","NY CITY CENTRAL PARK, NY US","2016-05","0","0.0","1.65","3.76","0.0","62.8","70.6","55.0"
"US1NJMN0051","RUMSON 0.5 NE, NJ US","2016-04",,,"0.41","1.66",,,,
"US1NJMN0051","RUMSON 0.5 NE, NJ US","2016-05",,,"0.80","3.57",,,,
"US1NYQN0002","MIDDLE VILLAGE 0.5 SW, NY US","2015-07",,,"0.66","2.73",,,,
"US1NYQN0002","MIDDLE VILLAGE 0.5 SW, NY US","2015-09",,,"1.39","2.67",,,,
"US1NYQN0002","MIDDLE VILLAGE 0.5 SW, NY US","2015-10",,,"1.82","4.19",,,,
"US1NYQN0002","MIDDLE VILLAGE 0.5 SW, NY US","2015-11",,,"1.24","2.26",,,,
"US1NYQN0002","MIDDLE VILLAGE 0.5 SW, NY US","2015-12",,,"1.44","4.87",,,,
"US1NYQN0002","MIDDLE VILLAGE 0.5 SW, NY US","2016-01",,,"2.02","4.47",,,,
"US1NYQN0002","MIDDLE VILLAGE 0.5 SW, NY US","2016-02",,,"1.56","5.08",,,,
"US1NYQN0002","MIDDLE VILLAGE 0.5 SW, NY US","2016-03",,,"0.44","1.66",,,,
"US1NYQN0002","MIDDLE VILLAGE 0.5 SW, NY US","2016-04",,,"0.52","2.18",,,,
"US1NYQN0002","MIDDLE VILLAGE 0.5 SW, NY US","2016-05",,,"1.18","3.93",,,,
"US1NJMD0060","MATAWAN 1.1 WSW, NJ US","2015-07",,,"1.71","3.15",,,,
"US1NJMD0060","MATAWAN 1.1 WSW, NJ US","2015-11",,,"1.10","2.29",,,,
"US1NJMD0060","MATAWAN 1.1 WSW, NJ US","2015-12",,,"0.96","4.70",,,,
"US1NJMN0010","EATONTOWN 1.2 NE, NJ US","2015-07",,,"0.62","1.51",,,,
"US1NJMN0010","EATONTOWN 1.2 NE, NJ US","2015-09",,"0.0","0.99","1.72","0.0",,,
"US1NJMN0010","EATONTOWN 1.2 NE, NJ US","2015-10",,,"2.25","4.59",,,,
"US1NJMN0010","EATONTOWN 1.2 NE, NJ US","2015-11",,,"1.26","2.15",,,,
"US1NJMN0010","EATONTOWN 1.2 NE, NJ US","2015-12",,,"1.05","5.13",,,,
"US1NJMN0010","EATONTOWN 1.2 NE, NJ US","2016-01",,,"1.43","1.95",,,,
"US1NJMN0010","EATONTOWN 1.2 NE, NJ US","2016-02",,,"1.10","4.58",,,,
"US1NJMN0010","EATONTOWN 1.2 NE, NJ US","2016-03",,,"1.29","2.43",,,,
"US1NJMN0010","EATONTOWN 1.2 NE, NJ US","2016-04",,,"0.61","2.06",,,,
"US1NJMN0010","EATONTOWN 1.2 NE, NJ US","2016-05",,,"1.12","4.06",,,,
"US1NYNS0014","LYNBROOK 0.3 NW, NY US","2015-10",,,"1.97","4.15",,,,
"US1NYNS0014","LYNBROOK 0.3 NW, NY US","2016-02",,,"1.11","3.69",,,,
"US1NYNS0014","LYNBROOK 0.3 NW, NY US","2016-03",,,"0.70","1.72",,,,
"US1NJMN0012","COLTS NECK TWP 2.4 NW, NJ US","2015-08",,"0.0","0.88","1.66","0.0",,,
"US1NJMN0012","COLTS NECK TWP 2.4 NW, NJ US","2015-09",,"0.0","1.11","2.13","0.0",,,
"US1NJMN0012","COLTS NECK TWP 2.4 NW, NJ US","2015-10",,,"2.28","4.71",,,,
"US1NJMN0012","COLTS NECK TWP 2.4 NW, NJ US","2015-11",,,"1.07","1.59",,,,
"US1NJMN0012","COLTS NECK TWP 2.4 NW, NJ US","2015-12",,,"0.87","4.52",,,,
"US1NJMN0012","COLTS NECK TWP 2.4 NW, NJ US","2016-01",,,"2.03","4.08",,,,
"US1NJMN0012","COLTS NECK TWP 2.4 NW, NJ US","2016-02",,,"0.99","4.29",,,,
"US1NJMN0012","COLTS NECK TWP 2.4 NW, NJ US","2016-04",,,"0.31","1.14",,,,
"USW00054743","CALDWELL ESSEX CO AIRPORT, NJ US","2015-07",,,"0.69","1.93",,"75.9","85.9","65.9"
"USW00054743","CALDWELL ESSEX CO AIRPORT, NJ US","2015-08",,,"0.52","1.39",,"75.4","86.5","64.2"
"USW00054743","CALDWELL ESSEX CO AIRPORT, NJ US","2015-09",,,"1.34","1.50",,"70.5","81.6","59.4"
"USW00054743","CALDWELL ESSEX CO AIRPORT, NJ US","2015-10",,,"1.97","2.55",,"54.3","64.7","44.0"
"USW00054743","CALDWELL ESSEX CO AIRPORT, NJ US","2015-11",,,"0.90","1.54",,"49.4","59.2","39.5"
"USW00054743","CALDWELL ESSEX CO AIRPORT, NJ US","2015-12",,,"0.97","3.71",,"46.5","54.7","38.4"
"USW00054743","CALDWELL ESSEX CO AIRPORT, NJ US","2016-01",,,"1.80","2.00",,"31.5","40.2","22.7"
"USW00054743","CALDWELL ESSEX CO AIRPORT, NJ US","2016-02",,,"1.94","4.33",,"35.4","44.7","26.1"
"USW00054743","CALDWELL ESSEX CO AIRPORT, NJ US","2016-03",,,"0.30","0.86",,"47.0","57.8","36.3"
"USW00054743","CALDWELL ESSEX CO AIRPORT, NJ US","2016-04",,,"0.53","2.36",,"51.3","62.3","40.3"
"USW00054743","CALDWELL ESSEX CO AIRPORT, NJ US","2016-05",,,"0.60","3.43",,"61.4","71.4","51.3"
"USW00054787","FARMINGDALE REPUBLIC AIRPORT, NY US","2015-07",,,"0.67","1.76",,"76.8","83.9","69.7"
"USW00054787","FARMINGDALE REPUBLIC AIRPORT, NY US","2015-08",,,"1.01","1.82",,"77.0","85.3","68.8"
"USW00054787","FARMINGDALE REPUBLIC AIRPORT, NY US","2015-09",,,"2.60","3.64",,"71.9","80.5","63.2"
"USW00054787","FARMINGDALE REPUBLIC AIRPORT, NY US","2015-10",,,"1.50","3.06",,"56.3","64.4","48.2"
"USW00054787","FARMINGDALE REPUBLIC AIRPORT, NY US","2015-11",,,"0.76","1.39",,"51.2","59.3","43.2"
"USW00054787","FARMINGDALE REPUBLIC AIRPORT, NY US","2015-12",,,"1.11","3.83",,"49.5","56.3","42.6"
"USW00054787","FARMINGDALE REPUBLIC AIRPORT, NY US","2016-01",,,"1.32","2.08",,"34.0","41.7","26.3"
"USW00054787","FARMINGDALE REPUBLIC AIRPORT, NY US","2016-02",,,"0.55","2.80",,"37.4","45.5","29.3"
"USW00054787","FARMINGDALE REPUBLIC AIRPORT, NY US","2016-03",,,"0.64","1.66",,"45.8","54.0","37.6"
"USW00054787","FARMINGDALE REPUBLIC AIRPORT, NY US","2016-04",,,"0.64","2.02",,"49.7","58.5","40.9"
"USW00054787","FARMINGDALE REPUBLIC AIRPORT, NY US","2016-05",,,"0.85","2.90",,"59.6","67.5","51.7"
